,Link,Title,Details,price,Rating
0,,,,,
1,https://www.airbnb.co.in//rooms/24396100?check_in=2022-07-31&check_out=2022-08-01&previous_page_section_name=1000&federated_search_id=6e7de309-3778-4b58-8b4e-55b6bf80f552,Convenient Waikiki Studio w/ Kitchen #A,1 bed,"‚Çπ9,345",4.69 (223)
2,https://www.airbnb.co.in//rooms/8489768?check_in=2022-07-31&check_out=2022-08-01&previous_page_section_name=1000&federated_search_id=6e7de309-3778-4b58-8b4e-55b6bf80f552,Private Room with private entrance,1 bed,"‚Çπ6,176",4.79 (415)
3,https://www.airbnb.co.in//rooms/12140781?check_in=2022-07-31&check_out=2022-08-01&previous_page_section_name=1000&federated_search_id=6e7de309-3778-4b58-8b4e-55b6bf80f552,Makiki/Lower-private room for budget,1 bed,"‚Çπ7,575",4.86 (49)
4,https://www.airbnb.co.in//rooms/33074207?check_in=2022-07-31&check_out=2022-08-01&previous_page_section_name=1000&federated_search_id=6e7de309-3778-4b58-8b4e-55b6bf80f552,Stylish Modern Studio in Center of Waikiki,1 bed,"‚Çπ9,727",4.99 (123)
5,https://www.airbnb.co.in//rooms/46840903?check_in=2022-07-31&check_out=2022-08-01&previous_page_section_name=1000&federated_search_id=6e7de309-3778-4b58-8b4e-55b6bf80f552,Waikiki Bungalow,2 beds,"‚Çπ12,739",4.93 (122)
6,https://www.airbnb.co.in//rooms/50201410?check_in=2022-07-31&check_out=2022-08-01&previous_page_section_name=1000&federated_search_id=6e7de309-3778-4b58-8b4e-55b6bf80f552,Ocean View Banyan Waikiki Corner Sea 2 Min 1 Car Max 7 People 4 Beds Yes Bathtub Yes WF,5 beds,"‚Çπ18,443",4.74 (57)
7,https://www.airbnb.co.in//rooms/53361538?check_in=2022-07-31&check_out=2022-08-01&previous_page_section_name=1000&federated_search_id=6e7de309-3778-4b58-8b4e-55b6bf80f552,High Floor Cozy Home,1 queen bed,"‚Çπ10,884",4.94 (33)
8,https://www.airbnb.co.in//rooms/549387797494551181?check_in=2022-07-31&check_out=2022-08-01&previous_page_section_name=1000&federated_search_id=6e7de309-3778-4b58-8b4e-55b6bf80f552,Private Standard Queen Room Near HNL Airport,1 bed,"‚Çπ13,431",4.23 (243)
9,https://www.airbnb.co.in//rooms/47144474?check_in=2022-07-31&check_out=2022-08-01&previous_page_section_name=1000&federated_search_id=6e7de309-3778-4b58-8b4e-55b6bf80f552,Oceanfront Dream Getaway (Newly Remodeled),2 beds,"‚Çπ28,982",4.96 (103)
10,https://www.airbnb.co.in//rooms/22124227?check_in=2022-07-31&check_out=2022-08-01&previous_page_section_name=1000&federated_search_id=6e7de309-3778-4b58-8b4e-55b6bf80f552,25th Fl. Ocean Views | 1 Block to Beach | WiFi,2 beds,"‚Çπ12,290",4.77 (150)
11,https://www.airbnb.co.in//rooms/33658591?check_in=2022-07-31&check_out=2022-08-01&previous_page_section_name=1000&federated_search_id=6e7de309-3778-4b58-8b4e-55b6bf80f552,Modern Clean Waikiki Studio Full Kitchen Free Park,1 king bed,"‚Çπ12,026",4.89 (179)
12,https://www.airbnb.co.in//rooms/53521436?check_in=2022-07-31&check_out=2022-08-01&previous_page_section_name=1000&federated_search_id=6e7de309-3778-4b58-8b4e-55b6bf80f552,Free Parking Waikiki Newly renovated Ilikai Marina,2 beds,"‚Çπ9,275",5.0 (17)
13,https://www.airbnb.co.in//rooms/53836419?check_in=2022-07-31&check_out=2022-08-01&previous_page_section_name=1000&federated_search_id=6e7de309-3778-4b58-8b4e-55b6bf80f552,Stunning Ocean View Cozy Studio - 22nd Floor,1 bed,"‚Çπ8,965",4.17 (12)
14,https://www.airbnb.co.in//rooms/640912332303803070?check_in=2022-07-31&check_out=2022-08-01&previous_page_section_name=1000&federated_search_id=6e7de309-3778-4b58-8b4e-55b6bf80f552,Central Waikiki 400sf condo close to everything,2 beds,"‚Çπ10,381",4.75 (4)
15,https://www.airbnb.co.in//rooms/31471518?check_in=2022-07-31&check_out=2022-08-01&previous_page_section_name=1000&federated_search_id=6e7de309-3778-4b58-8b4e-55b6bf80f552,31st Fl Mountain View | 1 Block to Beach | Parking,3 beds,"‚Çπ13,266",4.74 (50)
16,https://www.airbnb.co.in//rooms/19696616?check_in=2022-07-31&check_out=2022-08-01&previous_page_section_name=1000&federated_search_id=6e7de309-3778-4b58-8b4e-55b6bf80f552,Relaxing Studio at Waikiki Grand - Close to Beach!,2 beds,"‚Çπ11,213",4.92 (187)
17,https://www.airbnb.co.in//rooms/611676047114271943?check_in=2022-07-31&check_out=2022-08-01&previous_page_section_name=1000&federated_search_id=6e7de309-3778-4b58-8b4e-55b6bf80f552,Maunawila Villa - Private Room,2 beds,"‚Çπ12,796",4.42 (12)
18,https://www.airbnb.co.in//rooms/16125972?check_in=2022-07-31&check_out=2022-08-01&previous_page_section_name=1000&federated_search_id=6e7de309-3778-4b58-8b4e-55b6bf80f552,lovely home for u in Waikiki,1 bed,"‚Çπ9,615",4.33 (156)
19,https://www.airbnb.co.in//rooms/648580975236754609?check_in=2022-07-31&check_out=2022-08-01&previous_page_section_name=1000&federated_search_id=6e7de309-3778-4b58-8b4e-55b6bf80f552,Great Waikiki Canal View - Modern Cozy Studio,1 bed,"‚Çπ11,203",New
20,https://www.airbnb.co.in//rooms/20272469?check_in=2022-07-31&check_out=2022-08-01&previous_page_section_name=1000&federated_search_id=6e7de309-3778-4b58-8b4e-55b6bf80f552,"Convenient Location, Waikiki Studio",2 beds,"‚Çπ11,210",4.71 (176)
21,https://www.airbnb.co.in//rooms/611676047114271943?check_in=2022-07-31&check_out=2022-08-01&previous_page_section_name=1000&federated_search_id=92e6a9a3-2460-4e13-9c66-58b32ef44d51,Maunawila Villa - Private Room,2 beds,"‚Çπ12,796",4.42 (12)
22,https://www.airbnb.co.in//rooms/50847671?check_in=2022-07-31&check_out=2022-08-01&previous_page_section_name=1000&federated_search_id=92e6a9a3-2460-4e13-9c66-58b32ef44d51,"Makiki_Clean, Quiet, Convenient, Privet Room",1 bed,"‚Çπ7,739",4.78 (32)
23,https://www.airbnb.co.in//rooms/52550112?check_in=2022-07-31&check_out=2022-08-01&previous_page_section_name=1000&federated_search_id=92e6a9a3-2460-4e13-9c66-58b32ef44d51,Ocean View High Floor Sweet Home,1 queen bed,"‚Çπ11,790",4.95 (43)
24,https://www.airbnb.co.in//rooms/34714857?check_in=2022-07-31&check_out=2022-08-01&previous_page_section_name=1000&federated_search_id=92e6a9a3-2460-4e13-9c66-58b32ef44d51,Cute Clean Oceanview Waikiki Studio Full Kitchen,1 queen bed,"‚Çπ9,242",4.84 (109)
25,https://www.airbnb.co.in//rooms/15237216?check_in=2022-07-31&check_out=2022-08-01&previous_page_section_name=1000&federated_search_id=92e6a9a3-2460-4e13-9c66-58b32ef44d51,Royal Garden Waikiki - Boutique Studio with Lanai,2 beds,"‚Çπ10,804",4.88 (215)
26,https://www.airbnb.co.in//rooms/549405912552758739?check_in=2022-07-31&check_out=2022-08-01&previous_page_section_name=1000&federated_search_id=92e6a9a3-2460-4e13-9c66-58b32ef44d51,Private Room 2 Twins Near HNL Airport,2 beds,"‚Çπ13,431",4.13 (30)
27,https://www.airbnb.co.in//rooms/49099756?check_in=2022-07-31&check_out=2022-08-01&previous_page_section_name=1000&federated_search_id=92e6a9a3-2460-4e13-9c66-58b32ef44d51,"Can live up to 6 people  in Waikiki, free parking",3 beds,"‚Çπ15,197",4.49 (55)
28,https://www.airbnb.co.in//rooms/33425586?check_in=2022-07-31&check_out=2022-08-01&previous_page_section_name=1000&federated_search_id=92e6a9a3-2460-4e13-9c66-58b32ef44d51,"2bedrm/1 bath,near shopping mall,freeway",3 beds,"‚Çπ20,638",4.81 (42)
29,https://www.airbnb.co.in//rooms/18918530?check_in=2022-07-31&check_out=2022-08-01&previous_page_section_name=1000&federated_search_id=92e6a9a3-2460-4e13-9c66-58b32ef44d51,Waikiki Studio with Kitchenette 5 min to beach,1 queen bed,"‚Çπ10,952",4.75 (275)
30,https://www.airbnb.co.in//rooms/546610586722148751?check_in=2022-07-31&check_out=2022-08-01&previous_page_section_name=1000&federated_search_id=92e6a9a3-2460-4e13-9c66-58b32ef44d51,OCEAN FRONT VIEW newly  renovated  in  waikiki!,1 sofa bed,"‚Çπ10,916",4.92 (25)
31,https://www.airbnb.co.in//rooms/626005709842727097?check_in=2022-07-31&check_out=2022-08-01&previous_page_section_name=1000&federated_search_id=92e6a9a3-2460-4e13-9c66-58b32ef44d51,Newly Renovated Studio 5-min walk to Waikiki Beach,2 beds,"‚Çπ11,190",New
32,https://www.airbnb.co.in//rooms/17051038?check_in=2022-07-31&check_out=2022-08-01&previous_page_section_name=1000&federated_search_id=92e6a9a3-2460-4e13-9c66-58b32ef44d51,Executive Centre Hotel Unit,2 beds,"‚Çπ12,739",4.85 (68)
33,https://www.airbnb.co.in//rooms/30718991?check_in=2022-07-31&check_out=2022-08-01&previous_page_section_name=1000&federated_search_id=92e6a9a3-2460-4e13-9c66-58b32ef44d51,Affordable Studio with a Stunning ocean view!,1 queen bed,"‚Çπ12,221",4.69 (112)
34,https://www.airbnb.co.in//rooms/20272469?check_in=2022-07-31&check_out=2022-08-01&previous_page_section_name=1000&federated_search_id=92e6a9a3-2460-4e13-9c66-58b32ef44d51,"Convenient Location, Waikiki Studio",2 beds,"‚Çπ11,210",4.71 (176)
35,https://www.airbnb.co.in//rooms/648573012668385271?check_in=2022-07-31&check_out=2022-08-01&previous_page_section_name=1000&federated_search_id=92e6a9a3-2460-4e13-9c66-58b32ef44d51,Heart of Waikiki - Modern Cozy Studio,2 beds,"‚Çπ13,930",New
36,https://www.airbnb.co.in//rooms/552888977198452884?check_in=2022-07-31&check_out=2022-08-01&previous_page_section_name=1000&federated_search_id=92e6a9a3-2460-4e13-9c66-58b32ef44d51,New Listing- Walk to beach- City View-,,"‚Çπ12,176",4.8 (5)
37,https://www.airbnb.co.in//rooms/31897600?check_in=2022-07-31&check_out=2022-08-01&previous_page_section_name=1000&federated_search_id=92e6a9a3-2460-4e13-9c66-58b32ef44d51,30th Fl. Ocean Views | 1 Block to Beach | Parking,2 beds,"‚Çπ13,266",4.71 (63)
38,https://www.airbnb.co.in//rooms/510340660363628122?check_in=2022-07-31&check_out=2022-08-01&previous_page_section_name=1000&federated_search_id=92e6a9a3-2460-4e13-9c66-58b32ef44d51,Beautifully Modern and Clean Marine Surf Waikiki !,,"‚Çπ14,838",4.69 (26)
39,https://www.airbnb.co.in//rooms/47876106?check_in=2022-07-31&check_out=2022-08-01&previous_page_section_name=1000&federated_search_id=92e6a9a3-2460-4e13-9c66-58b32ef44d51,Waikiki Banyan Pineapple Suite,2 beds,"‚Çπ20,985",4.9 (87)
40,https://www.airbnb.co.in//rooms/20836784?check_in=2022-07-31&check_out=2022-08-01&previous_page_section_name=1000&federated_search_id=92e6a9a3-2460-4e13-9c66-58b32ef44d51,Aloha Suite Near the Sea I - 3 Min Walk to Beach!,1 queen bed,"‚Çπ9,648",4.88 (156)
41,https://www.airbnb.co.in//rooms/559701881211329584?check_in=2022-07-31&check_out=2022-08-01&previous_page_section_name=1000&federated_search_id=05750fed-8999-44ac-862c-76b232fae374,Cozy Vacation Home Next To The Beach,1 bed,"‚Çπ10,952",4.5 (12)
42,https://www.airbnb.co.in//rooms/52243077?check_in=2022-07-31&check_out=2022-08-01&previous_page_section_name=1000&federated_search_id=05750fed-8999-44ac-862c-76b232fae374,Ocean View 25th FL 1BR Condo FREE parking,3 beds,"‚Çπ19,990",4.94 (35)
43,https://www.airbnb.co.in//rooms/46967571?check_in=2022-07-31&check_out=2022-08-01&previous_page_section_name=1000&federated_search_id=05750fed-8999-44ac-862c-76b232fae374,Beautiful Studio | 1 Block to Beach | SplitAC&WiFi,1 queen bed,"‚Çπ12,260",4.5 (28)
44,https://www.airbnb.co.in//rooms/1893707?check_in=2022-07-31&check_out=2022-08-01&previous_page_section_name=1000&federated_search_id=05750fed-8999-44ac-862c-76b232fae374,‚ù§Ô∏è's Room ‚úîOcean View ‚úîLanai ‚úîSteps2 Beach ‚úîWifi,1 double bed,"‚Çπ16,825",4.68 (460)
45,https://www.airbnb.co.in//rooms/20836784?check_in=2022-07-31&check_out=2022-08-01&previous_page_section_name=1000&federated_search_id=05750fed-8999-44ac-862c-76b232fae374,Aloha Suite Near the Sea I - 3 Min Walk to Beach!,1 queen bed,"‚Çπ9,648",4.88 (156)
46,https://www.airbnb.co.in//rooms/26063949?check_in=2022-07-31&check_out=2022-08-01&previous_page_section_name=1000&federated_search_id=05750fed-8999-44ac-862c-76b232fae374,"King Room at The Equus, Near Ala Moana!",1 king bed,"‚Çπ18,955",4.56 (708)
47,https://www.airbnb.co.in//rooms/47876106?check_in=2022-07-31&check_out=2022-08-01&previous_page_section_name=1000&federated_search_id=05750fed-8999-44ac-862c-76b232fae374,Waikiki Banyan Pineapple Suite,2 beds,"‚Çπ20,985",4.9 (87)
48,https://www.airbnb.co.in//rooms/648573012668385271?check_in=2022-07-31&check_out=2022-08-01&previous_page_section_name=1000&federated_search_id=05750fed-8999-44ac-862c-76b232fae374,Heart of Waikiki - Modern Cozy Studio,2 beds,"‚Çπ13,930",New
49,https://www.airbnb.co.in//rooms/510340660363628122?check_in=2022-07-31&check_out=2022-08-01&previous_page_section_name=1000&federated_search_id=05750fed-8999-44ac-862c-76b232fae374,Beautifully Modern and Clean Marine Surf Waikiki !,,"‚Çπ14,838",4.69 (26)
50,https://www.airbnb.co.in//rooms/552889016722242349?check_in=2022-07-31&check_out=2022-08-01&previous_page_section_name=1000&federated_search_id=05750fed-8999-44ac-862c-76b232fae374,Minutes from the Beach-Middle of Waikiki,1 king bed,"‚Çπ10,543",4.33 (3)
51,https://www.airbnb.co.in//rooms/17318804?check_in=2022-07-31&check_out=2022-08-01&previous_page_section_name=1000&federated_search_id=05750fed-8999-44ac-862c-76b232fae374,"Steps  to Waikiki  Beach , Great View",1 bed,"‚Çπ14,558",4.6 (165)
52,https://www.airbnb.co.in//rooms/42300479?check_in=2022-07-31&check_out=2022-08-01&previous_page_section_name=1000&federated_search_id=05750fed-8999-44ac-862c-76b232fae374,"Clean, quiet and comfy - Central Oahu.",1 queen bed,"‚Çπ8,866",4.6 (60)
53,https://www.airbnb.co.in//rooms/13564551?check_in=2022-07-31&check_out=2022-08-01&previous_page_section_name=1000&federated_search_id=05750fed-8999-44ac-862c-76b232fae374,"Best Value, Best Location! - KVII406A",1 queen bed,"‚Çπ10,986",4.48 (125)
54,https://www.airbnb.co.in//rooms/666604110232220824?check_in=2022-07-31&check_out=2022-08-01&previous_page_section_name=1000&federated_search_id=05750fed-8999-44ac-862c-76b232fae374,"Spacious Studio, Steps to the Beach & Mall",2 beds,"‚Çπ15,598",New
55,https://www.airbnb.co.in//rooms/547240803452099864?check_in=2022-07-31&check_out=2022-08-01&previous_page_section_name=1000&federated_search_id=05750fed-8999-44ac-862c-76b232fae374,ü••üççWAIKIKI DIAMOND HEAD VIEWS-Legal Rentalü••üçç,1 bed,"‚Çπ13,875",4.93 (15)
56,https://www.airbnb.co.in//rooms/50120353?check_in=2022-07-31&check_out=2022-08-01&previous_page_section_name=1000&federated_search_id=05750fed-8999-44ac-862c-76b232fae374,Mango go 216 Free ParkingÔºÅ,2 beds,"‚Çπ11,876",4.76 (50)
57,https://www.airbnb.co.in//rooms/54262528?check_in=2022-07-31&check_out=2022-08-01&previous_page_section_name=1000&federated_search_id=05750fed-8999-44ac-862c-76b232fae374,Studio at The Bamboo Waikiki,1 bed,"‚Çπ10,497",4.67 (9)
58,https://www.airbnb.co.in//rooms/51962056?check_in=2022-07-31&check_out=2022-08-01&previous_page_section_name=1000&federated_search_id=05750fed-8999-44ac-862c-76b232fae374,‚ú® Standard Room with 2 Double Beds at  Waikiki beach,2 double beds,"‚Çπ23,036",4.66 (106)
59,https://www.airbnb.co.in//rooms/21175572?check_in=2022-07-31&check_out=2022-08-01&previous_page_section_name=1000&federated_search_id=05750fed-8999-44ac-862c-76b232fae374,Convenient Bedroom at North Shore Oahu,1 queen bed,"‚Çπ10,356",4.85 (75)
60,https://www.airbnb.co.in//rooms/11572664?check_in=2022-07-31&check_out=2022-08-01&previous_page_section_name=1000&federated_search_id=05750fed-8999-44ac-862c-76b232fae374,Honeymoon suite style room,1 king bed,"‚Çπ12,761",4.79 (98)
61,https://www.airbnb.co.in//rooms/11572664?check_in=2022-07-31&check_out=2022-08-01&previous_page_section_name=1000&federated_search_id=1f9d65da-cd1b-45fb-aa3e-f8b4c0fff7d4,Honeymoon suite style room,1 king bed,"‚Çπ12,761",4.79 (98)
62,https://www.airbnb.co.in//rooms/53316891?check_in=2022-07-31&check_out=2022-08-01&previous_page_section_name=1000&federated_search_id=1f9d65da-cd1b-45fb-aa3e-f8b4c0fff7d4,Waikiki 26th Fl Contemporary and Convenient Studio,1 bed,"‚Çπ12,121",4.5 (8)
63,https://www.airbnb.co.in//rooms/43237326?check_in=2022-07-31&check_out=2022-08-01&previous_page_section_name=1000&federated_search_id=1f9d65da-cd1b-45fb-aa3e-f8b4c0fff7d4,Waikiki Partial Ocean Kitchenette w/ 1 Queen Bed,2 beds,"‚Çπ21,379",4.47 (137)
64,https://www.airbnb.co.in//rooms/662973907183197855?check_in=2022-07-31&check_out=2022-08-01&previous_page_section_name=1000&federated_search_id=1f9d65da-cd1b-45fb-aa3e-f8b4c0fff7d4,"Spacious Studio, Steps to the Beach & Mall",2 beds,"‚Çπ14,157",New
65,https://www.airbnb.co.in//rooms/5387120?check_in=2022-07-31&check_out=2022-08-01&previous_page_section_name=1000&federated_search_id=1f9d65da-cd1b-45fb-aa3e-f8b4c0fff7d4,Waikiki Studio Canal/Mountain View ‚òÖ LEGAL RENTAL,1 queen bed,"‚Çπ10,666",4.73 (207)
66,https://www.airbnb.co.in//rooms/44323814?check_in=2022-07-31&check_out=2022-08-01&previous_page_section_name=1000&federated_search_id=1f9d65da-cd1b-45fb-aa3e-f8b4c0fff7d4,FREE PARKING - Aloha Paradise View,3 beds,"‚Çπ27,894",4.95 (60)
67,https://www.airbnb.co.in//rooms/47337776?check_in=2022-07-31&check_out=2022-08-01&previous_page_section_name=1000&federated_search_id=1f9d65da-cd1b-45fb-aa3e-f8b4c0fff7d4,"WAIKIKI - 5min walk to beach w/pool, free parking",1 queen bed,"‚Çπ16,812",4.91 (69)
68,https://www.airbnb.co.in//rooms/54265596?check_in=2022-07-31&check_out=2022-08-01&previous_page_section_name=1000&federated_search_id=1f9d65da-cd1b-45fb-aa3e-f8b4c0fff7d4,Deluxe 2 Double Beds at The Equus,2 beds,"‚Çπ19,499",4.88 (26)
69,https://www.airbnb.co.in//rooms/46125065?check_in=2022-07-31&check_out=2022-08-01&previous_page_section_name=1000&federated_search_id=1f9d65da-cd1b-45fb-aa3e-f8b4c0fff7d4,"LUXURY 1 BDR w/ City views+FREE parking, WIFI, A/C",3 beds,"‚Çπ22,176",4.57 (58)
70,https://www.airbnb.co.in//rooms/34749285?check_in=2022-07-31&check_out=2022-08-01&previous_page_section_name=1000&federated_search_id=1f9d65da-cd1b-45fb-aa3e-f8b4c0fff7d4,"Coconut Waikiki Hotel, City View King",1 king bed,"‚Çπ18,200",4.64 (11)
71,https://www.airbnb.co.in//rooms/40541582?check_in=2022-07-31&check_out=2022-08-01&previous_page_section_name=1000&federated_search_id=1f9d65da-cd1b-45fb-aa3e-f8b4c0fff7d4,The Bungalow with AC and Smart TVüçç,2 beds,"‚Çπ26,288",4.84 (62)
72,https://www.airbnb.co.in//rooms/30681375?check_in=2022-07-31&check_out=2022-08-01&previous_page_section_name=1000&federated_search_id=1f9d65da-cd1b-45fb-aa3e-f8b4c0fff7d4,"Waikiki Sunset 32nd Floor, Free Parking",3 beds,"‚Çπ21,360",4.75 (52)
73,https://www.airbnb.co.in//rooms/32497707?check_in=2022-07-31&check_out=2022-08-01&previous_page_section_name=1000&federated_search_id=1f9d65da-cd1b-45fb-aa3e-f8b4c0fff7d4,Premium Room with Balcony (No Cleaning Fee),2 beds,"‚Çπ15,021",3.88 (8)
74,https://www.airbnb.co.in//rooms/36758637?check_in=2022-07-31&check_out=2022-08-01&previous_page_section_name=1000&federated_search_id=1f9d65da-cd1b-45fb-aa3e-f8b4c0fff7d4,Simple room in Waikiki,1 queen bed,"‚Çπ16,134",4.85 (125)
75,https://www.airbnb.co.in//rooms/554142865840090623?check_in=2022-07-31&check_out=2022-08-01&previous_page_section_name=1000&federated_search_id=1f9d65da-cd1b-45fb-aa3e-f8b4c0fff7d4,27th Floor Remodeled Studio w/ Great Ocean View,1 bed,"‚Çπ12,595",4.5 (10)
76,https://www.airbnb.co.in//rooms/28642163?check_in=2022-07-31&check_out=2022-08-01&previous_page_section_name=1000&federated_search_id=1f9d65da-cd1b-45fb-aa3e-f8b4c0fff7d4,IP12-WAIKIKI BeACH*NEW*STUDIO with LANAI*,1 queen bed,"‚Çπ11,813",4.36 (102)
77,https://www.airbnb.co.in//rooms/634287587466599016?check_in=2022-07-31&check_out=2022-08-01&previous_page_section_name=1000&federated_search_id=1f9d65da-cd1b-45fb-aa3e-f8b4c0fff7d4,TearDrop Camper Farm Escape,1 bed,"‚Çπ13,976",5.0 (5)
78,https://www.airbnb.co.in//rooms/49130811?check_in=2022-07-31&check_out=2022-08-01&previous_page_section_name=1000&federated_search_id=1f9d65da-cd1b-45fb-aa3e-f8b4c0fff7d4,"Room Near Ala Moana Center, 1 Queen",1 queen bed,"‚Çπ18,047",4.61 (121)
79,https://www.airbnb.co.in//rooms/26665347?check_in=2022-07-31&check_out=2022-08-01&previous_page_section_name=1000&federated_search_id=1f9d65da-cd1b-45fb-aa3e-f8b4c0fff7d4,LOFT! PRIVATE DECK Fast WIFI+A/C ENHANCED CLEANING,3 beds,"‚Çπ17,554",4.92 (144)
80,https://www.airbnb.co.in//rooms/16689497?check_in=2022-07-31&check_out=2022-08-01&previous_page_section_name=1000&federated_search_id=1f9d65da-cd1b-45fb-aa3e-f8b4c0fff7d4,Hawaii Basecamp Skyline ‚ù§Ô∏è,3 beds,"‚Çπ11,903",4.74 (136)
81,https://www.airbnb.co.in//rooms/43656551?check_in=2022-07-31&check_out=2022-08-01&previous_page_section_name=1000&federated_search_id=a34390e9-7ef4-4a22-8a81-9c4433ea4c70,Ilikai 1212,2 beds,"‚Çπ42,856",4.8
82,https://www.airbnb.co.in//rooms/44323814?check_in=2022-07-31&check_out=2022-08-01&previous_page_section_name=1000&federated_search_id=a34390e9-7ef4-4a22-8a81-9c4433ea4c70,FREE PARKING - Aloha Paradise View,3 beds,"‚Çπ27,894",4.95
83,https://www.airbnb.co.in//rooms/39221519?check_in=2022-07-31&check_out=2022-08-01&previous_page_section_name=1000&federated_search_id=a34390e9-7ef4-4a22-8a81-9c4433ea4c70,"White Sands Hotel, Standard View 1 King",1 king bed,"‚Çπ20,671",4.28
84,https://www.airbnb.co.in//rooms/21175572?check_in=2022-07-31&check_out=2022-08-01&previous_page_section_name=1000&federated_search_id=a34390e9-7ef4-4a22-8a81-9c4433ea4c70,Convenient Bedroom at North Shore Oahu,1 queen bed,"‚Çπ10,356",4.85
85,https://www.airbnb.co.in//rooms/51962056?check_in=2022-07-31&check_out=2022-08-01&previous_page_section_name=1000&federated_search_id=a34390e9-7ef4-4a22-8a81-9c4433ea4c70,‚ú® Standard Room with 2 Double Beds at  Waikiki beach,2 double beds,"‚Çπ23,036",4.66
86,https://www.airbnb.co.in//rooms/32070479?check_in=2022-07-31&check_out=2022-08-01&previous_page_section_name=1000&federated_search_id=a34390e9-7ef4-4a22-8a81-9c4433ea4c70,"D. New! Lush Valley, Ocean & Mtn Views in Honolulu",4 beds,"‚Çπ20,375",4.65
87,https://www.airbnb.co.in//rooms/638854306099846425?check_in=2022-07-31&check_out=2022-08-01&previous_page_section_name=1000&federated_search_id=a34390e9-7ef4-4a22-8a81-9c4433ea4c70,10x10 Canopy with chairs for beach/outdoor.,1 bed,"‚Çπ5,553",New
88,https://www.airbnb.co.in//rooms/53132267?check_in=2022-07-31&check_out=2022-08-01&previous_page_section_name=1000&federated_search_id=a34390e9-7ef4-4a22-8a81-9c4433ea4c70,908A VACATION ESCAPE!   BLUE DIAMOND GETAWAY!!,1 bed,"‚Çπ14,150",4.75
89,https://www.airbnb.co.in//rooms/39843058?check_in=2022-07-31&check_out=2022-08-01&previous_page_section_name=1000&federated_search_id=a34390e9-7ef4-4a22-8a81-9c4433ea4c70,MERMAID‚ÄôS COVE W/BREATHTAKING OCEAN VIEWS/SUV Rent,1 bed,"‚Çπ31,214",4.92
90,https://www.airbnb.co.in//rooms/52177172?check_in=2022-07-31&check_out=2022-08-01&previous_page_section_name=1000&federated_search_id=a34390e9-7ef4-4a22-8a81-9c4433ea4c70,"Bamboo Waikiki Studio w/ Kitchenette, AC & Wifi - #802",1 bed,"‚Çπ19,175",5.0
91,https://www.airbnb.co.in//rooms/49130811?check_in=2022-07-31&check_out=2022-08-01&previous_page_section_name=1000&federated_search_id=a34390e9-7ef4-4a22-8a81-9c4433ea4c70,"Room Near Ala Moana Center, 1 Queen",1 queen bed,"‚Çπ18,047",4.61
92,https://www.airbnb.co.in//rooms/52243077?check_in=2022-07-31&check_out=2022-08-01&previous_page_section_name=1000&federated_search_id=a34390e9-7ef4-4a22-8a81-9c4433ea4c70,Ocean View 25th FL 1BR Condo FREE parking,3 beds,"‚Çπ19,990",4.94
93,https://www.airbnb.co.in//rooms/46218236?check_in=2022-07-31&check_out=2022-08-01&previous_page_section_name=1000&federated_search_id=a34390e9-7ef4-4a22-8a81-9c4433ea4c70,A stylish and beautiful room with a view of the sea from Lanai. Center of Waikiki with free parking and a wooshlet toilet,2 double beds,"‚Çπ17,554",4.91
94,https://www.airbnb.co.in//rooms/575358814954414826?check_in=2022-07-31&check_out=2022-08-01&previous_page_section_name=1000&federated_search_id=a34390e9-7ef4-4a22-8a81-9c4433ea4c70,Amazing Studio Unit in the [Center of Waikiki],2 beds,"‚Çπ17,896",5.0
95,https://www.airbnb.co.in//rooms/44338177?check_in=2022-07-31&check_out=2022-08-01&previous_page_section_name=1000&federated_search_id=a34390e9-7ef4-4a22-8a81-9c4433ea4c70,PANORAMIC OCEANVIEW ON HIGH FLOOR STEPS FROM BEACH,2 double beds,"‚Çπ23,156",4.91
96,https://www.airbnb.co.in//rooms/3890674?check_in=2022-07-31&check_out=2022-08-01&previous_page_section_name=1000&federated_search_id=a34390e9-7ef4-4a22-8a81-9c4433ea4c70,Luxury at the Waikiki Banyan,1 bed,"‚Çπ13,828",4.71
97,https://www.airbnb.co.in//rooms/37234021?check_in=2022-07-31&check_out=2022-08-01&previous_page_section_name=1000&federated_search_id=a34390e9-7ef4-4a22-8a81-9c4433ea4c70,"1 Double Bed w/Waikiki View, Hotel Renew",1 bed,"‚Çπ15,815",4.43
98,https://www.airbnb.co.in//rooms/17752877?check_in=2022-07-31&check_out=2022-08-01&previous_page_section_name=1000&federated_search_id=a34390e9-7ef4-4a22-8a81-9c4433ea4c70,PRIME location <3 of Waikiki Full kitchen& Laundry,2 queen beds,"‚Çπ16,359",4.39
99,https://www.airbnb.co.in//rooms/51354516?check_in=2022-07-31&check_out=2022-08-01&previous_page_section_name=1000&federated_search_id=a34390e9-7ef4-4a22-8a81-9c4433ea4c70,STYLISH STUDIO! Center of Waikiki (LEGAL),1 queen bed,"‚Çπ14,999",4.86
100,https://www.airbnb.co.in//rooms/24333357?check_in=2022-07-31&check_out=2022-08-01&previous_page_section_name=1000&federated_search_id=a34390e9-7ef4-4a22-8a81-9c4433ea4c70,Top Floor Waikiki Studio w/ View & Parking,1 bed,"‚Çπ15,460",4.95
101,https://www.airbnb.co.in//rooms/40180406?check_in=2022-07-31&check_out=2022-08-01&previous_page_section_name=1000&federated_search_id=80aca13f-d9a4-410f-903a-bfceeaba5b32,THE MAUKA SUITE @ THE WAIKIKI BANYAN,3 beds,"‚Çπ26,623",4.78
102,https://www.airbnb.co.in//rooms/46125065?check_in=2022-07-31&check_out=2022-08-01&previous_page_section_name=1000&federated_search_id=80aca13f-d9a4-410f-903a-bfceeaba5b32,"LUXURY 1 BDR w/ City views+FREE parking, WIFI, A/C",3 beds,"‚Çπ22,176",4.57
103,https://www.airbnb.co.in//rooms/41029222?check_in=2022-07-31&check_out=2022-08-01&previous_page_section_name=1000&federated_search_id=80aca13f-d9a4-410f-903a-bfceeaba5b32,"Ocean View, 1 Queen Bed",1 queen bed,"‚Çπ32,505",New
104,https://www.airbnb.co.in//rooms/30681375?check_in=2022-07-31&check_out=2022-08-01&previous_page_section_name=1000&federated_search_id=80aca13f-d9a4-410f-903a-bfceeaba5b32,"Waikiki Sunset 32nd Floor, Free Parking",3 beds,"‚Çπ21,360",4.75
105,https://www.airbnb.co.in//rooms/653911516056434489?check_in=2022-07-31&check_out=2022-08-01&previous_page_section_name=1000&federated_search_id=80aca13f-d9a4-410f-903a-bfceeaba5b32,White Panda - Close to Honolulu Airport,1 bed,"‚Çπ10,537",New
106,https://www.airbnb.co.in//rooms/49353836?check_in=2022-07-31&check_out=2022-08-01&previous_page_section_name=1000&federated_search_id=80aca13f-d9a4-410f-903a-bfceeaba5b32,üå¥Amazing Views*Free Parking*Waikiki Banyanüå¥,1 bed,"‚Çπ18,825",4.85
107,https://www.airbnb.co.in//rooms/1521554?check_in=2022-07-31&check_out=2022-08-01&previous_page_section_name=1000&federated_search_id=80aca13f-d9a4-410f-903a-bfceeaba5b32,Bright Amazing View Walk Everywhere,1 bed,"‚Çπ13,759",4.65
108,https://www.airbnb.co.in//rooms/552890957823544296?check_in=2022-07-31&check_out=2022-08-01&previous_page_section_name=1000&federated_search_id=80aca13f-d9a4-410f-903a-bfceeaba5b32,Centrally located ocean view with kitchenette,1 king bed,"‚Çπ12,647",New
109,https://www.airbnb.co.in//rooms/578975259423924508?check_in=2022-07-31&check_out=2022-08-01&previous_page_section_name=1000&federated_search_id=80aca13f-d9a4-410f-903a-bfceeaba5b32,"Spacious Studio, Steps to the Beach & Mall",2 beds,"‚Çπ13,284",4.6
110,https://www.airbnb.co.in//rooms/43237326?check_in=2022-07-31&check_out=2022-08-01&previous_page_section_name=1000&federated_search_id=80aca13f-d9a4-410f-903a-bfceeaba5b32,Waikiki Partial Ocean Kitchenette w/ 1 Queen Bed,2 beds,"‚Çπ21,379",4.47
111,https://www.airbnb.co.in//rooms/3204840?check_in=2022-07-31&check_out=2022-08-01&previous_page_section_name=1000&federated_search_id=80aca13f-d9a4-410f-903a-bfceeaba5b32,Affordable Waikiki Studio near Hilton,2 beds,"‚Çπ13,310",4.37
112,https://www.airbnb.co.in//rooms/52388556?check_in=2022-07-31&check_out=2022-08-01&previous_page_section_name=1000&federated_search_id=80aca13f-d9a4-410f-903a-bfceeaba5b32,Brand new beachfront Airstream,2 beds,"‚Çπ28,240",4.7
113,https://www.airbnb.co.in//rooms/38377435?check_in=2022-07-31&check_out=2022-08-01&previous_page_section_name=1000&federated_search_id=80aca13f-d9a4-410f-903a-bfceeaba5b32,Zen Spa Retreat steps to Waikiki Beach,1 queen bed,"‚Çπ16,078",4.68
114,https://www.airbnb.co.in//rooms/552889016722242349?check_in=2022-07-31&check_out=2022-08-01&previous_page_section_name=1000&federated_search_id=80aca13f-d9a4-410f-903a-bfceeaba5b32,Minutes from the Beach-Middle of Waikiki,1 king bed,"‚Çπ10,543",4.33
115,https://www.airbnb.co.in//rooms/50897989?check_in=2022-07-31&check_out=2022-08-01&previous_page_section_name=1000&federated_search_id=80aca13f-d9a4-410f-903a-bfceeaba5b32,"Studio w/Kitchenette, 1 Queen Bed OR 2 Twins",1 queen bed,"‚Çπ11,842",4.11
116,https://www.airbnb.co.in//rooms/31897600?check_in=2022-07-31&check_out=2022-08-01&previous_page_section_name=1000&federated_search_id=80aca13f-d9a4-410f-903a-bfceeaba5b32,30th Fl. Ocean Views | 1 Block to Beach | Parking,2 beds,"‚Çπ13,266",4.71
117,https://www.airbnb.co.in//rooms/527114582885694142?check_in=2022-07-31&check_out=2022-08-01&previous_page_section_name=1000&federated_search_id=80aca13f-d9a4-410f-903a-bfceeaba5b32,2021 Brand New Mercedes Benz RV- your vanlife time,1 bunk bed,"‚Çπ17,244",4.89
118,https://www.airbnb.co.in//rooms/42982428?check_in=2022-07-31&check_out=2022-08-01&previous_page_section_name=1000&federated_search_id=80aca13f-d9a4-410f-903a-bfceeaba5b32,Diamond Head and Ocean View at Waikiki,3 beds,"‚Çπ24,015",4.8
119,https://www.airbnb.co.in//rooms/50073706?check_in=2022-07-31&check_out=2022-08-01&previous_page_section_name=1000&federated_search_id=80aca13f-d9a4-410f-903a-bfceeaba5b32,Brand new oceanfront Airstream,1 queen bed,"‚Çπ36,665",4.87
120,https://www.airbnb.co.in//rooms/49712614?check_in=2022-07-31&check_out=2022-08-01&previous_page_section_name=1000&federated_search_id=80aca13f-d9a4-410f-903a-bfceeaba5b32,"Look No Further! City View, 2 Onsite Pools, Dining",1 king bed,"‚Çπ27,299",4.76
121,https://www.airbnb.co.in//rooms/36903681?check_in=2022-07-31&check_out=2022-08-01&previous_page_section_name=1000&federated_search_id=89d63896-785e-441c-ae9d-2b9e5fa3d0ef,The Getaway Van,1 double bed,"‚Çπ15,327",4.71 (66)
122,https://www.airbnb.co.in//rooms/37590711?check_in=2022-07-31&check_out=2022-08-01&previous_page_section_name=1000&federated_search_id=89d63896-785e-441c-ae9d-2b9e5fa3d0ef,"Modern Suite in central Waikiki,  Lanai /w Parking",2 beds,"‚Çπ19,347",4.88 (60)
123,https://www.airbnb.co.in//rooms/44407342?check_in=2022-07-31&check_out=2022-08-01&previous_page_section_name=1000&federated_search_id=89d63896-785e-441c-ae9d-2b9e5fa3d0ef,RK2309 - 23rd floor unit in Great Location of Waikiki!,3 beds,"‚Çπ17,554",4.57 (7)
124,https://www.airbnb.co.in//rooms/23061893?check_in=2022-07-31&check_out=2022-08-01&previous_page_section_name=1000&federated_search_id=89d63896-785e-441c-ae9d-2b9e5fa3d0ef,Deluxe Condo for 2 with One Free Parking,1 king bed,"‚Çπ19,536",4.64 (92)
125,https://www.airbnb.co.in//rooms/645494793860415448?check_in=2022-07-31&check_out=2022-08-01&previous_page_section_name=1000&federated_search_id=89d63896-785e-441c-ae9d-2b9e5fa3d0ef,"Beach Getaway! Near Diamond Head, Waikiki Beach!",1 king bed,"‚Çπ15,690",New
126,https://www.airbnb.co.in//rooms/54085959?check_in=2022-07-31&check_out=2022-08-01&previous_page_section_name=1000&federated_search_id=89d63896-785e-441c-ae9d-2b9e5fa3d0ef,2021 Mercedes Benz Sprinter rvÔºåyour mobile home-2,2 beds,"‚Çπ18,151",4.58 (19)
127,https://www.airbnb.co.in//rooms/26665347?check_in=2022-07-31&check_out=2022-08-01&previous_page_section_name=1000&federated_search_id=89d63896-785e-441c-ae9d-2b9e5fa3d0ef,LOFT! PRIVATE DECK Fast WIFI+A/C ENHANCED CLEANING,3 beds,"‚Çπ17,554",4.92 (144)
128,https://www.airbnb.co.in//rooms/722158?check_in=2022-07-31&check_out=2022-08-01&previous_page_section_name=1000&federated_search_id=89d63896-785e-441c-ae9d-2b9e5fa3d0ef,LG Corner Studio 2 decks steps to beach,1 king bed,"‚Çπ12,312",4.56 (206)
129,https://www.airbnb.co.in//rooms/28257926?check_in=2022-07-31&check_out=2022-08-01&previous_page_section_name=1000&federated_search_id=89d63896-785e-441c-ae9d-2b9e5fa3d0ef,Illikai Marina Hawaiian Rental,2 beds,"‚Çπ22,258",4.76 (79)
130,https://www.airbnb.co.in//rooms/49860222?check_in=2022-07-31&check_out=2022-08-01&previous_page_section_name=1000&federated_search_id=89d63896-785e-441c-ae9d-2b9e5fa3d0ef,Just renovated Waikiki Boutique studio-location!!!,2 beds,"‚Çπ14,214",4.38 (26)
131,https://www.airbnb.co.in//rooms/21952392?check_in=2022-07-31&check_out=2022-08-01&previous_page_section_name=1000&federated_search_id=89d63896-785e-441c-ae9d-2b9e5fa3d0ef,"Savor style and comfort in this sweet retreat! AC, WiFi, TV‚ÄìWaikiki Grand 522",1 bed,"‚Çπ23,134",4.51 (53)
132,https://www.airbnb.co.in//rooms/27287320?check_in=2022-07-31&check_out=2022-08-01&previous_page_section_name=1000&federated_search_id=89d63896-785e-441c-ae9d-2b9e5fa3d0ef,WAIKIKI BEACH! 2 minutes walk!,2 beds,"‚Çπ36,255",4.85 (116)
133,https://www.airbnb.co.in//rooms/34749285?check_in=2022-07-31&check_out=2022-08-01&previous_page_section_name=1000&federated_search_id=89d63896-785e-441c-ae9d-2b9e5fa3d0ef,"Coconut Waikiki Hotel, City View King",1 king bed,"‚Çπ18,200",4.64 (11)
134,https://www.airbnb.co.in//rooms/36352152?check_in=2022-07-31&check_out=2022-08-01&previous_page_section_name=1000&federated_search_id=89d63896-785e-441c-ae9d-2b9e5fa3d0ef,707A Legal stay--NEW!! LOCATION!!!  AMAZING!!,1 bed,"‚Çπ13,549",4.64 (56)
135,https://www.airbnb.co.in//rooms/26458302?check_in=2022-07-31&check_out=2022-08-01&previous_page_section_name=1000&federated_search_id=89d63896-785e-441c-ae9d-2b9e5fa3d0ef,Secluded White Sandy beach just 30 steps away,1 king bed,"‚Çπ24,255",4.84 (141)
136,https://www.airbnb.co.in//rooms/37976454?check_in=2022-07-31&check_out=2022-08-01&previous_page_section_name=1000&federated_search_id=89d63896-785e-441c-ae9d-2b9e5fa3d0ef,‚òÖBEAUTIFUL‚òÖNewly Furnished | Prime Location,3 beds,"‚Çπ16,092",4.87 (31)
137,https://www.airbnb.co.in//rooms/33715079?check_in=2022-07-31&check_out=2022-08-01&previous_page_section_name=1000&federated_search_id=89d63896-785e-441c-ae9d-2b9e5fa3d0ef,"The Country Cottageüå¥ AC, Smart TV - 30 Day Stays",2 beds,"‚Çπ28,296",4.78 (46)
138,https://www.airbnb.co.in//rooms/27260122?check_in=2022-07-31&check_out=2022-08-01&previous_page_section_name=1000&federated_search_id=89d63896-785e-441c-ae9d-2b9e5fa3d0ef,Ilikai Marina 1 bed Beautiful Ocean Views,1 king bed,"‚Çπ15,848",4.76 (96)
139,https://www.airbnb.co.in//rooms/658903173622642002?check_in=2022-07-31&check_out=2022-08-01&previous_page_section_name=1000&federated_search_id=89d63896-785e-441c-ae9d-2b9e5fa3d0ef,Waikiki 1 Bed Studio with Mountain View Lanai,1 bed,"‚Çπ15,542",5.0 (3)
140,https://www.airbnb.co.in//rooms/53927982?check_in=2022-07-31&check_out=2022-08-01&previous_page_section_name=1000&federated_search_id=89d63896-785e-441c-ae9d-2b9e5fa3d0ef,"Studio City View Kitchenette, A/C & WiFi #205",1 bed,"‚Çπ19,175",4.17 (12)
141,https://www.airbnb.co.in//rooms/527114582885694142?check_in=2022-07-31&check_out=2022-08-01&previous_page_section_name=1000&federated_search_id=30c31326-d2a0-444b-b2c3-e0310efc2d06,2021 Brand New Mercedes Benz RV- your vanlife time,1 bunk bed,"‚Çπ17,244",4.89 (9)
142,https://www.airbnb.co.in//rooms/49129903?check_in=2022-07-31&check_out=2022-08-01&previous_page_section_name=1000&federated_search_id=30c31326-d2a0-444b-b2c3-e0310efc2d06,Diamond Head King Bed Suite,1 king bed,"‚Çπ14,709",4.5 (22)
143,https://www.airbnb.co.in//rooms/42045387?check_in=2022-07-31&check_out=2022-08-01&previous_page_section_name=1000&federated_search_id=30c31326-d2a0-444b-b2c3-e0310efc2d06,2 Bedrooms w/ View of Diamond Head & Free Parking!,3 beds,"‚Çπ30,920",4.71 (24)
144,https://www.airbnb.co.in//rooms/52177172?check_in=2022-07-31&check_out=2022-08-01&previous_page_section_name=1000&federated_search_id=30c31326-d2a0-444b-b2c3-e0310efc2d06,"Bamboo Waikiki Studio w/ Kitchenette, AC & Wifi - #802",1 bed,"‚Çπ19,175",5.0 (3)
145,https://www.airbnb.co.in//rooms/36352152?check_in=2022-07-31&check_out=2022-08-01&previous_page_section_name=1000&federated_search_id=30c31326-d2a0-444b-b2c3-e0310efc2d06,707A Legal stay--NEW!! LOCATION!!!  AMAZING!!,1 bed,"‚Çπ13,549",4.64 (56)
146,https://www.airbnb.co.in//rooms/603592276989908970?check_in=2022-07-31&check_out=2022-08-01&previous_page_section_name=1000&federated_search_id=30c31326-d2a0-444b-b2c3-e0310efc2d06,"Hotel Room City View, A/C, & WiFi #1102",1 bed,"‚Çπ18,700",New
147,https://www.airbnb.co.in//rooms/54085959?check_in=2022-07-31&check_out=2022-08-01&previous_page_section_name=1000&federated_search_id=30c31326-d2a0-444b-b2c3-e0310efc2d06,2021 Mercedes Benz Sprinter rvÔºåyour mobile home-2,2 beds,"‚Çπ18,151",4.58 (19)
148,https://www.airbnb.co.in//rooms/34749285?check_in=2022-07-31&check_out=2022-08-01&previous_page_section_name=1000&federated_search_id=30c31326-d2a0-444b-b2c3-e0310efc2d06,"Coconut Waikiki Hotel, City View King",1 king bed,"‚Çπ18,200",4.64 (11)
149,https://www.airbnb.co.in//rooms/53927982?check_in=2022-07-31&check_out=2022-08-01&previous_page_section_name=1000&federated_search_id=30c31326-d2a0-444b-b2c3-e0310efc2d06,"Studio City View Kitchenette, A/C & WiFi #205",1 bed,"‚Çπ19,175",4.17 (12)
150,https://www.airbnb.co.in//rooms/35094786?check_in=2022-07-31&check_out=2022-08-01&previous_page_section_name=1000&federated_search_id=30c31326-d2a0-444b-b2c3-e0310efc2d06,Private bedroom/bathroom. Queen bed. Hot tub/Sauna,1 queen bed,"‚Çπ13,621",4.82 (56)
151,https://www.airbnb.co.in//rooms/552890443529894952?check_in=2022-07-31&check_out=2022-08-01&previous_page_section_name=1000&federated_search_id=30c31326-d2a0-444b-b2c3-e0310efc2d06,"Free parking, full kitchen, big recreation deck",3 beds,"‚Çπ19,538",New
152,https://www.airbnb.co.in//rooms/28209687?check_in=2022-07-31&check_out=2022-08-01&previous_page_section_name=1000&federated_search_id=30c31326-d2a0-444b-b2c3-e0310efc2d06,Ocean+Harbor View w/ Free Parking+WIFI+AC+CLEAN!!!,1 bed,"‚Çπ22,176",4.79 (98)
153,https://www.airbnb.co.in//rooms/50073706?check_in=2022-07-31&check_out=2022-08-01&previous_page_section_name=1000&federated_search_id=30c31326-d2a0-444b-b2c3-e0310efc2d06,Brand new oceanfront Airstream,1 queen bed,"‚Çπ36,665",4.87 (31)
154,https://www.airbnb.co.in//rooms/50007555?check_in=2022-07-31&check_out=2022-08-01&previous_page_section_name=1000&federated_search_id=30c31326-d2a0-444b-b2c3-e0310efc2d06,Tropical Oasis in Kailua-30 day minimum,3 queen beds,"‚Çπ56,983",4.94 (36)
155,https://www.airbnb.co.in//rooms/50247311?check_in=2022-07-31&check_out=2022-08-01&previous_page_section_name=1000&federated_search_id=30c31326-d2a0-444b-b2c3-e0310efc2d06,Gorgeous  2bed/2bath City  View @Ilikai,5 beds,"‚Çπ60,377",4.71 (7)
156,https://www.airbnb.co.in//rooms/34749328?check_in=2022-07-31&check_out=2022-08-01&previous_page_section_name=1000&federated_search_id=30c31326-d2a0-444b-b2c3-e0310efc2d06,"Coconut Waikiki Hotel, City View Queen",1 queen bed,"‚Çπ17,405",4.63 (52)
157,https://www.airbnb.co.in//rooms/645503784285442248?check_in=2022-07-31&check_out=2022-08-01&previous_page_section_name=1000&federated_search_id=30c31326-d2a0-444b-b2c3-e0310efc2d06,"Travel Destination! Near Waikiki Beach, Pool!",2 queen beds,"‚Çπ21,404",New
158,https://www.airbnb.co.in//rooms/39671374?check_in=2022-07-31&check_out=2022-08-01&previous_page_section_name=1000&federated_search_id=30c31326-d2a0-444b-b2c3-e0310efc2d06,STEPS FROM BEACH! PARTIAL OCEANVIEW! FREE PARKING!,2 beds,"‚Çπ17,442",4.9 (67)
159,https://www.airbnb.co.in//rooms/49947707?check_in=2022-07-31&check_out=2022-08-01&previous_page_section_name=1000&federated_search_id=30c31326-d2a0-444b-b2c3-e0310efc2d06,PANORAMIC OCEANVIEW ON HIGH FLOOR STEPS FROM BEACH,2 beds,"‚Çπ21,977",4.81 (47)
160,https://www.airbnb.co.in//rooms/52245462?check_in=2022-07-31&check_out=2022-08-01&previous_page_section_name=1000&federated_search_id=30c31326-d2a0-444b-b2c3-e0310efc2d06,"Waikiki Escape! Close to Beach, Park, & Shopping Center! Pool, Restaurant, Spa",2 double beds,"‚Çπ20,315",New
